{"version":237,"languages":[{"_id":"7kSXbgWb","info":"Spoken by 117,000 people in Canada.\r\n","map":"b7988866a6099b33d8411a68ebf14f21.png","name":"Cree","removed":false},{"_id":"71bI7gW-","info":"Spoken by 10 million people in Afghanistan.\r\n","map":"172d2992913009d04bf71540040b086f.png","name":"Dari","removed":false},{"_id":"QJ3sElWb","info":"Spoken by 100 million people in Iran and Afghanistan.\r\n","map":"5a9f53db74ec8b0fc64c77941b89f033.png","name":"Farsi","removed":false},{"_id":"X1YEIgbW","info":"Spoken by 90 million people in France, Belgium, Québec, Haiti, and many countries in Africa.\r\n","map":"5f986f1bc8851ca21b6bffb706676149.png","name":"French","removed":false},{"_id":"Q1yrwlW-","info":"Spoken by 62 million people in Italy & Switzerland.\r\n","map":"4e1944e63ca3a2230b8547e176358d41.png","name":"Italian","removed":false},{"_id":"XksX_gbW","info":"Spoken by 16 million people in Iraq, Iran, Armenia, Syria and parts of Turkey, Afghanistan and Pakistan.\r\n","map":"954f7b70e2318c2e03b9aaef2b674463.png","name":"Kurdish","removed":false},{"_id":"71k9YlWZ","info":"(Also known as Standard Chinese.) Spoken by 700 million people in China, Taiwan & Singapore.\r\n","map":"8c31242b8f84f1e01060e7280a336391.png","name":"Mandarin","removed":false},{"_id":"mJo9qeWW","info":"Spoken by 100,000 people in Panama.\r\n","map":"4abbad9bd31a24881cb218afdb4b5d36.png","name":"Ngobe","removed":false},{"_id":"Q1o9je-W","info":"Spoken by 50 - 60 million people in parts of Afghanistan and Pakistan.\r\n","map":"a91934de3aa8becaccbe11712093c78a.png","name":"Pashtu","removed":false},{"_id":"QJ1YhlW-","info":"Spoken by 15 million people in Sri Lanka.\r\n","map":"f638ac740b20519ae5776f17df1d1dae.png","name":"Sinhala","removed":false},{"_id":"Xk4palZ-","info":"Spoken by 13 million people in Somalia, Djibouti & Ethiopia.\r\n","map":"51896a2e20dbadbee8bb81e6f1535245.png","name":"Somali","removed":false},{"_id":"QkUsRgbW","info":"Spoken by 400 million people in Spain, Mexico, Central America & South America.\r\n","map":"b9c647be82f3558bb1725baae2f35dbd.png","name":"Spanish","removed":false},{"_id":"mJH2JbZb","info":"Spoken by 60 million people in Kenya, Tanzania, DR Congo & Uganda.\r\n","map":"a20072af31f497d32d40fe034e4d26d3.png","name":"Swahili","removed":false},{"_id":"QkBtgWW-","info":"Spoken by 70 million people in Turkey and Northern Cyprus.\r\n","map":"bd8fb8f16caaea60a17fe24a29d4b325.png","name":"Turkish","removed":false}],"expressions":[{"audio":"8ecedaf12268e6c853ee3dcee4966a2e.mp3","language":"7kSXbgWb","translation":"Wachiya","english":"Hello","_id":"myDt-x-b","removed":false},{"audio":"74b6f06959b0cdf2cbcb53c04d9d3ffa.mp3","language":"7kSXbgWb","translation":"Dan eh teen","english":"What's the problem?","_id":"QJVcWl-b","removed":false},{"audio":"32b63586c9265f900f3e1dd431e0d175.mp3","language":"7kSXbgWb","translation":"Eh heh, mweh","english":"Yes, No","_id":"7ySeGg--","removed":false},{"audio":"5ad7d77de21e512c1c5abf862f33a4c7.mp3","language":"7kSXbgWb","translation":"Staksun","english":"Pain","_id":"QydWzgZb","removed":false},{"audio":"b2fdf59b6ac4d6abb1a23bac94222b79.mp3","language":"7kSXbgWb","translation":"Oot","english":"Here","_id":"mJzVGeW-","removed":false},{"audio":"90c9ed20e365f7f6af37522f5973860b.mp3","language":"7kSXbgWb","translation":"She dow waspinena","english":"Fever","_id":"XJcHzebZ","removed":false},{"audio":"3f1108b3665e6e328da340a6377a6864.mp3","language":"7kSXbgWb","translation":"Yeh heh","english":"Breathing","_id":"71O8ze-Z","removed":false},{"audio":"f0156959c07617804e157461a69e1558.mp3","language":"7kSXbgWb","translation":"Jee ba gemoona","english":"Vomit","_id":"7kCvGxbb","removed":false},{"audio":"84553abf472e2569cf503aa3053d89c0.mp3","language":"7kSXbgWb","translation":"Jee ma misi","english":"Diarrhea","_id":"QJ6OzxWb","removed":false},{"audio":"a902aa32931c18df06914c27502fd422.mp3","language":"7kSXbgWb","translation":"Misi","english":"Stool","_id":"7JqKMx-Z","removed":false},{"audio":"ac0381758e8086625c80a14fe32ed252.mp3","language":"7kSXbgWb","translation":"Bou bou sheen","english":"Urine","_id":"mJd9flZb","removed":false},{"audio":"3d9343438ece19ee9d186cc79c86247e.mp3","language":"7kSXbgWb","translation":"Muk","english":"Blood","_id":"myEsfeWW","removed":false},{"audio":"83274058f2c06759835fb754a47da95e.mp3","language":"7kSXbgWb","translation":"Jits gow soona","english":"Pregnant","_id":"7JIhMgW-","removed":false},{"audio":"a6bc9c57340b9ab38718d0f3589242a8.mp3","language":"71bI7gW-","translation":"Salam","english":"Hello","_id":"Qknt7e--","removed":false},{"audio":"a83af9a45cae3a457b39de81a8fdf2e2.mp3","language":"71bI7gW-","translation":"Mosh Kel Cheest","english":"What's the problem?","_id":"m1mjQg-b","removed":false},{"audio":"4c749041d993afa5d0c3e2982293da5d.mp3","language":"71bI7gW-","translation":"Baleh, Neh","english":"Yes, No","_id":"7kDhQgWb","removed":false},{"audio":"7a4085074239b7d88f34754177f8ef0b.mp3","language":"71bI7gW-","translation":"Dard","english":"Pain","_id":"7kBaXgb-","removed":false},{"audio":"98fc3e206515b9514acb01ffef72d69c.mp3","language":"71bI7gW-","translation":"Eejah","english":"Here","_id":"XJXAXe-W","removed":false},{"audio":"21740e81716af1ffdaa409712b4543bd.mp3","language":"71bI7gW-","translation":"Ta","english":"Fever","_id":"Qk1kVebW","removed":false},{"audio":"029a354f2e6c3ad5c5c7af4e25f83738.mp3","language":"71bI7gW-","translation":"Nafass","english":"Breathing","_id":"mkCJVe-Z","removed":false},{"audio":"e691fb5d0523fe3f1880247592592865.mp3","language":"71bI7gW-","translation":"Estefragh","english":"Vomit","_id":"XyVbNgbb","removed":false},{"audio":"01e623326efbe95218c4de71fdcb6a74.mp3","language":"71bI7gW-","translation":"Es Hal","english":"Diarrhea","_id":"X1XzExZZ","removed":false},{"audio":"159f7b88cbf463d0b0fe877c1c400186.mp3","language":"71bI7gW-","translation":"Mawode Wita","english":"Stool","_id":"mkVmVebW","removed":false},{"audio":"5cf24201de5ba65538bd5b15b7d5eff7.mp3","language":"71bI7gW-","translation":"Edrar","english":"Urine","_id":"QyyVNgb-","removed":false},{"audio":"b68090430153c9a4fe0094e014a7e840.mp3","language":"71bI7gW-","translation":"Hoon","english":"Blood","_id":"XknE4gb-","removed":false},{"audio":"cebdbc9aa470012f08bafa0fa41bbedd.mp3","language":"71bI7gW-","translation":"Ahmela Dar","english":"Pregnant","_id":"71hHVeZZ","removed":false},{"audio":"91cc4895a38772af6b913cf1f830b879.mp3","language":"QJ3sElWb","translation":"Salam","english":"Hello","_id":"QyiR4xZb","removed":false},{"audio":"95250adef730c9610bdb28ffdbbd5e88.mp3","language":"QJ3sElWb","translation":"Che Mosh Kely","english":"What's the problem?","_id":"Q1OZHeW-","removed":false},{"audio":"eba26bc80ffba17be348bfac58ac7ec4.mp3","language":"QJ3sElWb","translation":"Baleh, Na","english":"Yes, No","_id":"Xk_zrx-W","removed":false},{"audio":"e4321eec0af65c83ef55425532716bdc.mp3","language":"QJ3sElWb","translation":"Dard","english":"Pain","_id":"QkHmSg-Z","removed":false},{"audio":"e3746a75a47504efb5d8a9280272c134.mp3","language":"QJ3sElWb","translation":"Inja","english":"Here","_id":"XJGNrxWZ","removed":false},{"audio":"d611d15c833746b18cf047d92eaa3d3e.mp3","language":"QJ3sElWb","translation":"Tab","english":"Fever","_id":"mJRESxWb","removed":false},{"audio":"2a985f0a1155b1acdea9a0b5b227b463.mp3","language":"QJ3sElWb","translation":"Nafass","english":"Breathing","_id":"Q1iHHgbW","removed":false},{"audio":"333ccafdd20748c91571bbf5094b4c0e.mp3","language":"QJ3sElWb","translation":"Estephragh","english":"Vomit","_id":"XJSvrlW-","removed":false},{"audio":"12e53f55d77c03f2b01af7e37f8fd00b.mp3","language":"QJ3sElWb","translation":"Eshale","english":"Diarrhea","_id":"7kZdHebW","removed":false},{"audio":"220576d5732645869afd7d78e852d846.mp3","language":"QJ3sElWb","translation":"Madfou","english":"Stool","_id":"Q16_Sl-b","removed":false},{"audio":"7dcd1fb8f1e008132e8454389d34e26f.mp3","language":"QJ3sElWb","translation":"Edrare","english":"Urine","_id":"mkhKBgZb","removed":false},{"audio":"56333087357cdbd5fe6b217fcf28183f.mp3","language":"QJ3sElWb","translation":"Khoune","english":"Blood","_id":"X1xpreWW","removed":false},{"audio":"45e006247d711f5880520b872ae05e4f.mp3","language":"QJ3sElWb","translation":"Hamele","english":"Pregnant","_id":"X1oTBx-Z","removed":false},{"audio":"ac98bb50323f565fa01f12ca9a17eee4.mp3","language":"X1YEIgbW","translation":"Bonjour ","english":"Hello","_id":"m1FILg-b","removed":false},{"audio":"6b4cd2f3affd6d7c84ebb9c804714938.mp3","language":"X1YEIgbW","translation":"Quel est le problème","english":"What's the problem?","_id":"my9wIeZW","removed":false},{"audio":"a1930d7d1a4010525deb73efab10af53.mp3","language":"X1YEIgbW","translation":"Oui, non","english":"Yes, No","_id":"QkdOLxWb","removed":false},{"audio":"b0a4ac1d46fa49b226f7e7b63681e1b8.mp3","language":"X1YEIgbW","translation":"douleur","english":"Pain","_id":"71UtUeW-","removed":false},{"audio":"de96b2adae847d0caacd8a19d51693b1.mp3","language":"X1YEIgbW","translation":"ici","english":"Here","_id":"Xkbq8xZ-","removed":false},{"audio":"7a2feb31fa5a606058896e2cad294003.mp3","language":"X1YEIgbW","translation":"Fièvre","english":"Fever","_id":"Q1TqIe-Z","removed":false},{"audio":"a2fda6831241d39bd66d8eeb4a6ae840.mp3","language":"X1YEIgbW","translation":"Respiration","english":"Breathing","_id":"Qk_sUeW-","removed":false},{"audio":"dfebf25ba9fb8dbac0f9b60c1d68713c.mp3","language":"X1YEIgbW","translation":"Vomi","english":"Vomit","_id":"7k7hIeZb","removed":false},{"audio":"beb62080f62bca8bbfe9d135d086555e.mp3","language":"X1YEIgbW","translation":"Diarrhée","english":"Diarrhea","_id":"XkgT8gZ-","removed":false},{"audio":"aa3e53b35e17d3beba2b7b415f933496.mp3","language":"X1YEIgbW","translation":"Caca","english":"Stool","_id":"Qyn68gWW","removed":false},{"audio":"fbff654721d03a81a33a945f1154ee92.mp3","language":"X1YEIgbW","translation":"Urine","english":"Urine","_id":"Q1ORIlbb","removed":false},{"audio":"c30096ddde1965154079be6a991545e3.mp3","language":"X1YEIgbW","translation":"Sang","english":"Blood","_id":"XJXkDlZ-","removed":false},{"audio":"0df67c69b605dab98618ef29ee3d6a0d.mp3","language":"X1YEIgbW","translation":"Enceinte","english":"Pregnant","_id":"XyCkPgW-","removed":false},{"audio":"f568841848f28cf03880498fc613bc93.mp3","language":"Q1yrwlW-","translation":"Ciao ","english":"Hello","_id":"7y3LvxWb","removed":false},{"audio":"0d5ba8007bc63035e0b9bb7717618b35.mp3","language":"Q1yrwlW-","translation":"Qual è il problema","english":"What's the problem?","_id":"7yqvwl-b","removed":false},{"audio":"85f518d0cd293ab22bdb3e90f70dcca0.mp3","language":"Q1yrwlW-","translation":"Si, no","english":"Yes, No","_id":"7JVuve--","removed":false},{"audio":"0ebb3fa95fa1d647adab8e5eaaa39e08.mp3","language":"Q1yrwlW-","translation":"Dolore","english":"Pain","_id":"mJeYDlW-","removed":false},{"audio":"639199ad1e0ab106ae7667a1d80456e2.mp3","language":"Q1yrwlW-","translation":"Qui","english":"Here","_id":"XkqKweb-","removed":false},{"audio":"158fa30065462e9bc55faafc2b3b2573.mp3","language":"Q1yrwlW-","translation":"Febbre","english":"Fever","_id":"X1vqwgZ-","removed":false},{"audio":"e41e65d286c7488e136e266f3a079beb.mp3","language":"Q1yrwlW-","translation":"Respirazione","english":"Breathing","_id":"QJfiPxZb","removed":false},{"audio":"4d6c2cf0371d325e4596dceddab93676.mp3","language":"Q1yrwlW-","translation":"Vomito","english":"Vomit","_id":"QkTivebZ","removed":false},{"audio":"fa756f0c068e85bb0c2eb5ed2669a5dc.mp3","language":"Q1yrwlW-","translation":"Diarrea","english":"Diarrhea","_id":"XkdnDg--","removed":false},{"audio":"8278a8124e5f48fff24c5ba83f985b7c.mp3","language":"Q1yrwlW-","translation":"Cacca","english":"Stool","_id":"XkmaDgb-","removed":false},{"audio":"919d3bfefdd178fda8350f94cc4acbd7.mp3","language":"Q1yrwlW-","translation":"Urina","english":"Urine","_id":"7k0pDgb-","removed":false},{"audio":"b273bbbcd67ec4264ff9ddd522b34a7b.mp3","language":"Q1yrwlW-","translation":"Sangue","english":"Blood","_id":"mkY0DeWb","removed":false},{"audio":"12c38b7826e61f22ee0094204ebfd076.mp3","language":"Q1yrwlW-","translation":"Incinta","english":"Pregnant","_id":"X1OJdgb-","removed":false},{"audio":"b0f3954fa7198baf719d284b07b338f8.mp3","language":"XksX_gbW","translation":"Salam","english":"Hello","_id":"7JVwOxZ-","removed":false},{"audio":"df80967598fef1e7cd3cc9c42aa67c29.mp3","language":"XksX_gbW","translation":"Moshkelet Chia","english":"What's the problem?","_id":"71bddgZ-","removed":false},{"audio":"7513ef19f6f05531aeedf00045078a6c.mp3","language":"XksX_gbW","translation":"Baleh, Nah","english":"Yes, No","_id":"myiOueZW","removed":false},{"audio":"4644b28349f83918c60811d4ea783ff7.mp3","language":"XksX_gbW","translation":"Eshe","english":"Pain","_id":"QkDFugWb","removed":false},{"audio":"ba541bc0e5dc5b0cdb8ca8a42c798537.mp3","language":"XksX_gbW","translation":"Erat","english":"Here","_id":"mkgyFlb-","removed":false},{"audio":"11b15e77f7e146e9e4eee73f38412f25.mp3","language":"XksX_gbW","translation":"Towr","english":"Fever","_id":"mJ9kYxZZ","removed":false},{"audio":"e22375e0fe3b98a8126b8c912c2ae694.mp3","language":"XksX_gbW","translation":"Nafass","english":"Breathing","_id":"7krlYxZW","removed":false},{"audio":"77e34fbbee74291666767775acf9b4ed.mp3","language":"XksX_gbW","translation":"Estefragh","english":"Vomit","_id":"7kf-Fx-Z","removed":false},{"audio":"875da165c60e4c380d006f4dd7547e7a.mp3","language":"XksX_gbW","translation":"Eshal","english":"Diarrhea","_id":"7yxzFlWW","removed":false},{"audio":"e12eb7f9cc52d98e337180d181186fe6.mp3","language":"XksX_gbW","translation":"Madfou","english":"Stool","_id":"X1qzKx-Z","removed":false},{"audio":"3cc07b2ad10102da18bcfb2c2a1a6189.mp3","language":"XksX_gbW","translation":"Gemiz","english":"Urine","_id":"X1mXYgWZ","removed":false},{"audio":"10ecd0108859d07944dff3f7eb6ea7cd.mp3","language":"XksX_gbW","translation":"Kowin","english":"Blood","_id":"XJGEKebb","removed":false},{"audio":"36499a62579a88ced1d76bf0288e7e66.mp3","language":"XksX_gbW","translation":"Hamila","english":"Pregnant","_id":"QJnVFeWb","removed":false},{"audio":"4776366dfc97c0bc27af642a7cdaf7c4.mp3","language":"71k9YlWZ","translation":"NiHow","english":"Hello","_id":"Xkb3Kg-W","removed":false},{"audio":"69ede98bef137fc5b20fbeac238becda.mp3","language":"71k9YlWZ","translation":"Zho Mo Boo How","english":"What's the problem?","_id":"XJN6KeWW","removed":false},{"audio":"cbb6d249fb762aa414f79f0b5adde8ba.mp3","language":"71k9YlWZ","translation":"She Boo She","english":"Yes, No","_id":"XkE0Yebb","removed":false},{"audio":"47be95dc1c978ae620a07123770c4c0b.mp3","language":"71k9YlWZ","translation":"Tan","english":"Pain","_id":"XJA0Yxbb","removed":false},{"audio":"1274408af0cfc1353b2ae9a0d11878dd.mp3","language":"71k9YlWZ","translation":"Zhe Lee","english":"Here","_id":"mJY19x-W","removed":false},{"audio":"67e37d622f7e53bd3a401057f4d75f50.mp3","language":"71k9YlWZ","translation":"Fa Shau","english":"Fever","_id":"m1LeceW-","removed":false},{"audio":"aab12e62ddd0eaba49db4c0fadd75988.mp3","language":"71k9YlWZ","translation":"Hu Shee","english":"Breathing","_id":"7JZbqgWW","removed":false},{"audio":"2b451d0e5f3aca3e961541bf957255e4.mp3","language":"71k9YlWZ","translation":"Ooh Too","english":"Vomit","_id":"Xy6W9eWZ","removed":false},{"audio":"14b81d51ebc5c4aeb54f695fb37a0847.mp3","language":"71k9YlWZ","translation":"La Du Zi","english":"Diarrhea","_id":"Xknz5eWb","removed":false},{"audio":"91eaac1f146491b7748718d7f0d8a591.mp3","language":"71k9YlWZ","translation":"Da Bian","english":"Stool","_id":"X1KQqg-W","removed":false},{"audio":"c81ee14a52709a0189600a40563080d4.mp3","language":"71k9YlWZ","translation":"Show Bian","english":"Urine","_id":"m1I4cxWb","removed":false},{"audio":"2c0c8c0bfa2019efb2c81fec564092b3.mp3","language":"71k9YlWZ","translation":"Shua","english":"Blood","_id":"XJxH9eb-","removed":false},{"audio":"276f5ac3f85313487534824e0ee27942.mp3","language":"71k9YlWZ","translation":"Huay Win","english":"Pregnant","_id":"QkhBcebb","removed":false},{"audio":"488da4ae532d3698bf1bdb0adc78b34b.mp3","language":"mJo9qeWW","translation":"Nyantorro","english":"Hello","_id":"7kL2clb-","removed":false},{"audio":"2c1f730dff486b99da66dd5cba24fd6f.mp3","language":"mJo9qeWW","translation":"Nyo bo do moh gee","english":"What's the problem?","_id":"m1HpcxZZ","removed":false},{"audio":"aefb43dcd637228c6ea7045e2e19ea71.mp3","language":"mJo9qeWW","translation":"Honh, Ngarray","english":"Yes, No","_id":"m1NCqxbZ","removed":false},{"audio":"3fe80b5d70dc80475f145ddf236d1ae8.mp3","language":"mJo9qeWW","translation":"Tah ray","english":"Pain","_id":"XyJJoeW-","removed":false},{"audio":"183e2fdc23cb7af1e1d7c07ca8da0082.mp3","language":"mJo9qeWW","translation":"Neh deh","english":"Here","_id":"QyqyilZW","removed":false},{"audio":"112d71125165147ad02397f2b8146bb6.mp3","language":"mJo9qeWW","translation":"Drahn gwa","english":"Fever","_id":"mkjbsxb-","removed":false},{"audio":"c57be54b58e6ae0cc003930666f548c0.mp3","language":"mJo9qeWW","translation":"Moo ree ay","english":"Breathing","_id":"Q1qfjl-W","removed":false},{"audio":"196507e6e7d5ed4f1b893cfe26ab5c33.mp3","language":"mJo9qeWW","translation":"Jah ray","english":"Vomit","_id":"Q1E7sxbW","removed":false},{"audio":"4483b344ad0666c0dc83c1fc4e67d12d.mp3","language":"mJo9qeWW","translation":"Gree ray","english":"Diarrhea","_id":"Q1z4og--","removed":false},{"audio":"48c9a7a0d44f150d17abedd89bca8c4a.mp3","language":"mJo9qeWW","translation":"Poo poo","english":"Stool","_id":"mJ2EoebW","removed":false},{"audio":"01b8c283581d082d4f36bf185e14c56e.mp3","language":"mJo9qeWW","translation":"Nangro nyoo ree ay","english":"Urine","_id":"7JKSsxbZ","removed":false},{"audio":"af924675b29a798d9b9c983fa7860dcf.mp3","language":"mJo9qeWW","translation":"Doh ree ay","english":"Blood","_id":"X1ULoeZZ","removed":false},{"audio":"84b073f56ecdf54b1afe6a6522f36956.mp3","language":"mJo9qeWW","translation":"Nodo bren","english":"Pregnant","_id":"7JZwjebb","removed":false},{"audio":"09cfe1bc0c18e1cb748d44774d94005c.mp3","language":"Q1o9je-W","translation":"Salam","english":"Hello","_id":"71LaigW-","removed":false},{"audio":"3845a07daecc9102cace74941a22e76b.mp3","language":"Q1o9je-W","translation":"Tserdepesh Sevedy","english":"What's the problem?","_id":"XkmAil-Z","removed":false},{"audio":"96d9e5312316a04637c45789a353a928.mp3","language":"Q1o9je-W","translation":"Wo, Yaha","english":"Yes, No","_id":"m1xyhlW-","removed":false},{"audio":"596317b9a6261f0b799807ea9c6976ce.mp3","language":"Q1o9je-W","translation":"Dard","english":"Pain","_id":"Q1pk3gb-","removed":false},{"audio":"7e9371919508b32863743bc2ac7a2544.mp3","language":"Q1o9je-W","translation":"Daradzey","english":"Here","_id":"mkOlnl--","removed":false},{"audio":"497a8b948714e009da3e5c2d05e1d753.mp3","language":"Q1o9je-W","translation":"Taba","english":"Fever","_id":"XkZ-2eZZ","removed":false},{"audio":"6a9f4a0a096ebd74373c07d1b56e676c.mp3","language":"Q1o9je-W","translation":"Sah","english":"Breathing","_id":"XJsW3l-Z","removed":false},{"audio":"4b068dd6b41134236fe19d269d0f2f46.mp3","language":"Q1o9je-W","translation":"Eye","english":"Vomit","_id":"mJVG3lZ-","removed":false},{"audio":"0b332003d012ce645916bf020c1aa700.mp3","language":"Q1o9je-W","translation":"Damas Nasda","english":"Diarrhea","_id":"7ykXnxZW","removed":false},{"audio":"5f2ddb22424809e74a5de1298c075c96.mp3","language":"Q1o9je-W","translation":"Dooab Chi","english":"Stool","_id":"7ko73lZb","removed":false},{"audio":"09d607a2cf8607b07383928e33cdc392.mp3","language":"Q1o9je-W","translation":"Bowely","english":"Urine","_id":"myB4hgb-","removed":false},{"audio":"cc78a19cdd8f5232ab25e90025322702.mp3","language":"Q1o9je-W","translation":"Weena","english":"Blood","_id":"7kRV2xb-","removed":false},{"audio":"5d0bb8ebbe14c1bcba7d950aeb5095dc.mp3","language":"Q1o9je-W","translation":"Omedwara","english":"Pregnant","_id":"Q1Fr2e--","removed":false},{"audio":"d6ca1d84fa170460ece34caadc5e8175.mp3","language":"QJ1YhlW-","translation":"Ayubowan","english":"Hello","_id":"Q1w5nlZZ","removed":false},{"audio":"6aa6ee87c472d499bd26d96d4a3a795f.mp3","language":"QJ1YhlW-","translation":"Mokakda Amaruwa","english":"What's the problem?","_id":"X1Qi3e-W","removed":false},{"audio":"2a334a7bc8a8b91de6df59bc6b5df737.mp3","language":"QJ1YhlW-","translation":"Owu, Naha","english":"Yes, No","_id":"mkAo3lWW","removed":false},{"audio":"d36af8ece3381adc08e5047f4bc269e0.mp3","language":"QJ1YhlW-","translation":"Ridenawa","english":"Pain","_id":"QkPhhx-W","removed":false},{"audio":"f6383e082552597d99a985ad9b270505.mp3","language":"QJ1YhlW-","translation":"Methana","english":"Here","_id":"XyeT2eWW","removed":false},{"audio":"76cd4d157a65ac4d8d3c3c6b8356f2d2.mp3","language":"QJ1YhlW-","translation":"Una","english":"Fever","_id":"7yh63l--","removed":false},{"audio":"ad2edca3f246a8376b7edff9628bf9c4.mp3","language":"QJ1YhlW-","translation":"Husma Gannava","english":"Breathing","_id":"QkOA2gZb","removed":false},{"audio":"6adb10ef3963d74a81f5a0942464c07c.mp3","language":"QJ1YhlW-","translation":"Vamane","english":"Vomit","_id":"7ygkTxWZ","removed":false},{"audio":"425ccbfbe14673f3ebf70975f16a6aab.mp3","language":"QJ1YhlW-","translation":"Bada Yanava","english":"Diarrhea","_id":"71ak6gWZ","removed":false},{"audio":"c3811e5ac629c77783a0f6ab05354aa8.mp3","language":"QJ1YhlW-","translation":"Kakka","english":"Stool","_id":"7y_lTgb-","removed":false},{"audio":"713fe3161928b8b02d70a1bff7afa0e1.mp3","language":"QJ1YhlW-","translation":"Choo","english":"Urine","_id":"7kUW6x-b","removed":false},{"audio":"b3ed52f6706aef77f1bda7694add47bd.mp3","language":"QJ1YhlW-","translation":"Ley","english":"Blood","_id":"QJgzaebW","removed":false},{"audio":"279d9fbb4306b03845240208275fea67.mp3","language":"QJ1YhlW-","translation":"Gar Bani","english":"Pregnant","_id":"7JhMTxbZ","removed":false},{"audio":"2bf1fcbac5b3408dbeb6c54c3f25a3ac.mp3","language":"Xk4palZ-","translation":"Escowaran","english":"Hello","_id":"mJkkAx-b","removed":false},{"audio":"f6a264ba95520117341cdddc603351ac.mp3","language":"Xk4palZ-","translation":"Maha Gogodye","english":"What's the problem?","_id":"7JTkRxbb","removed":false},{"audio":"6fb51ddf677e73c4fc8c9f2f0785bdeb.mp3","language":"Xk4palZ-","translation":"Ha, Maya","english":"Yes, No","_id":"Q1sx0e-Z","removed":false},{"audio":"0b65f8977570eb5de4b37f08bbb9d5b3.mp3","language":"Xk4palZ-","translation":"Hanoon","english":"Pain","_id":"XyNb0lZ-","removed":false},{"audio":"ef019e884f0945b2248f0a4c812b34b8.mp3","language":"Xk4palZ-","translation":"Halcan","english":"Here","_id":"X1pZRgWZ","removed":false},{"audio":"b73269136f8a4e7e75ced9ef2f3486c4.mp3","language":"Xk4palZ-","translation":"Pando","english":"Fever","_id":"QytMAlZW","removed":false},{"audio":"d71d5775afbeadd8e748426f92339e4a.mp3","language":"Xk4palZ-","translation":"Nerf Shesho","english":"Breathing","_id":"mJEQClbZ","removed":false},{"audio":"4045193093d58f3c9a4c1635fc138ef7.mp3","language":"Xk4palZ-","translation":"Matak","english":"Vomit","_id":"Xy0mCeWZ","removed":false},{"audio":"3b1aaa44289a9227b212c532f568308d.mp3","language":"Xk4palZ-","translation":"Shooban","english":"Diarrhea","_id":"XkOERx-Z","removed":false},{"audio":"72af597a9c07aa7f653a34f8ca050f74.mp3","language":"Xk4palZ-","translation":"Harr","english":"Stool","_id":"7J-S0lbZ","removed":false},{"audio":"88fa6d5da96966a12d8a3fdc9da6e34b.mp3","language":"Xk4palZ-","translation":"Kahdee","english":"Urine","_id":"X1FSAeZW","removed":false},{"audio":"6292756f6abc753684052efcc4eec5e5.mp3","language":"Xk4palZ-","translation":"Deek","english":"Blood","_id":"QkYvClbZ","removed":false},{"audio":"374bb1d9a62b75ae2680cbf98a3834a2.mp3","language":"Xk4palZ-","translation":"Orr","english":"Pregnant","_id":"QJ4ORlb-","removed":false},{"audio":"aa16389d3c3432070b51a6fc83e7d0cb.mp3","language":"QkUsRgbW","translation":"Hola","english":"Hello","_id":"7keT0gWZ","removed":false},{"audio":"9b930e53cb31783de42a52dfd65c7531.mp3","language":"QkUsRgbW","translation":"Cual es el problema","english":"What's the problem?","_id":"QyBCAg--","removed":false},{"audio":"d464fd656c62de6bf72127ecd8dca294.mp3","language":"QkUsRgbW","translation":"Sí, no","english":"Yes, No","_id":"7y7JJWWb","removed":false},{"audio":"c2e98e8237696de9862e49f2e987b203.mp3","language":"QkUsRgbW","translation":"Dolor","english":"Pain","_id":"QJJe1-bZ","removed":false},{"audio":"640e5052c4d2ad90a4115be1a1ea8c71.mp3","language":"QkUsRgbW","translation":"Aquí","english":"Here","_id":"QkOlkZbW","removed":false},{"audio":"cf108ed790ed8d9d7756486a2ca6d187.mp3","language":"QkUsRgbW","translation":"Fiebre","english":"Fever","_id":"Q1XbyWW-","removed":false},{"audio":"ff7ede5418bd1f7fa9cc8e1db983b1f7.mp3","language":"QkUsRgbW","translation":"Respiración","english":"Breathing","_id":"QJ0b1bbb","removed":false},{"audio":"c0a40928fc74b3f6fb7836a47c7febb6.mp3","language":"QkUsRgbW","translation":"Vómito","english":"Vomit","_id":"QJdzk-WZ","removed":false},{"audio":"8221d68ab30472432b1e1972e2ad536c.mp3","language":"QkUsRgbW","translation":"Diarrea","english":"Diarrhea","_id":"mJm7k-Zb","removed":false},{"audio":"c89705c86e418df19579309157017687.mp3","language":"QkUsRgbW","translation":"Heces","english":"Stool","_id":"Q11VyZZZ","removed":false},{"audio":"de4d8331b04fbf4c2dcb729621518e1f.mp3","language":"QkUsRgbW","translation":"Orina","english":"Urine","_id":"mJKE1Z-W","removed":false},{"audio":"5cdac041e5a358c588c5e1fb3025b4ca.mp3","language":"QkUsRgbW","translation":"Sangre","english":"Blood","_id":"Xy4rJ-Wb","removed":false},{"audio":"b98d5fe5edf13678e8e2f6e095934738.mp3","language":"QkUsRgbW","translation":"Embarazada","english":"Pregnant","_id":"XJaHk-b-","removed":false},{"audio":"329c09bce99e194c9e5266d82b56bf2f.mp3","language":"mJH2JbZb","translation":"Jambo","english":"Hello","_id":"XJbAy---","removed":false},{"audio":"d2a9b54dc611bec3a31bc7b245a52ea1.mp3","language":"mJH2JbZb","translation":"Shida Gani","english":"What's the problem?","_id":"m1TRkWWb","removed":false},{"audio":"8f3b872c0dc463ae61c6400c668528ab.mp3","language":"mJH2JbZb","translation":"Ndiyo Hapana","english":"Yes, No","_id":"7JjkeWWZ","removed":false},{"audio":"4878c11c40d9973b705a667c01e378ab.mp3","language":"mJH2JbZb","translation":"Umivu","english":"Pain","_id":"X1VlxZWb","removed":false},{"audio":"745de0ec42017e99b25b6a7928cc6dd1.mp3","language":"mJH2JbZb","translation":"Hapa","english":"Here","_id":"X1y-lZbb","removed":false},{"audio":"05f5f35de37001b61344d4f7e88e0552.mp3","language":"mJH2JbZb","translation":"Homa","english":"Fever","_id":"QyCZgZZ-","removed":false},{"audio":"256ecf3199a2531a589016d9884584b8.mp3","language":"mJH2JbZb","translation":"Pumuzi","english":"Breathing","_id":"QJwMlb-Z","removed":false},{"audio":"81155ae9810da41f7f4bb4fe752d9cdc.mp3","language":"mJH2JbZb","translation":"Tapika","english":"Vomit","_id":"71lQgWZb","removed":false},{"audio":"8ad537c16f039da663b199ca8df8bfe6.mp3","language":"mJH2JbZb","translation":"Harisho","english":"Diarrhea","_id":"7ysmeWb-","removed":false},{"audio":"eef7d83c091469561ea7cd448690d057.mp3","language":"mJH2JbZb","translation":"Mavi","english":"Stool","_id":"7yBEgWWZ","removed":false},{"audio":"6ef0d71a4576ea037e70c6a773eb4bba.mp3","language":"mJH2JbZb","translation":"Mikojo","english":"Urine","_id":"Xk0VlWWW","removed":false},{"audio":"6f94a1164ca75e487f2cc966ecc3dd88.mp3","language":"mJH2JbZb","translation":"Damu","english":"Blood","_id":"QktBlZWW","removed":false},{"audio":"344bc542b05e8d483804b22e246e2f90.mp3","language":"mJH2JbZb","translation":"Mimba","english":"Pregnant","_id":"71zUe-bW","removed":false},{"audio":"a13f9a5ed8adfc9585e54e2fb4fc1cdb.mp3","language":"QkBtgWW-","translation":"Merhaba","english":"Hello","_id":"QJZslb--","removed":false},{"audio":"4443fd80b5319ef2dd141cab54e9aced.mp3","language":"QkBtgWW-","translation":"Nasesen","english":"What's the problem?","_id":"Qypog--W","removed":false},{"audio":"62ba334adc622307d02701d5d2842753.mp3","language":"QkBtgWW-","translation":"Evet, Hayer","english":"Yes, No","_id":"m1_2gbbZ","removed":false},{"audio":"95fa15a6e6159b46e6e30e2a8f8707d8.mp3","language":"QkBtgWW-","translation":"Akherior","english":"Pain","_id":"71-agbWW","removed":false},{"audio":"d0f85bbb4842ed74e6b4df2c986259f9.mp3","language":"QkBtgWW-","translation":"Bourda","english":"Here","_id":"Xy_TgWWb","removed":false},{"audio":"03cc12a56fbaa6cd10889441b7d4a4b9.mp3","language":"QkBtgWW-","translation":"Atez","english":"Fever","_id":"mybAxZZ-","removed":false},{"audio":"0685ca862625d2b27076ef9431f98c12.mp3","language":"QkBtgWW-","translation":"Nafass","english":"Breathing","_id":"7JjRx-bW","removed":false},{"audio":"66f1a50f49759980b241d8c0e6c3c474.mp3","language":"QkBtgWW-","translation":"Medad Boulanyor","english":"Vomit","_id":"7kuJZZWW","removed":false},{"audio":"d37f357f95460cd7ef95c72e78fa3799.mp3","language":"QkBtgWW-","translation":"Is Hal","english":"Diarrhea","_id":"XkNlZWWb","removed":false},{"audio":"2113160590d3343f40da24bceba35cbf.mp3","language":"QkBtgWW-","translation":"Poukh","english":"Stool","_id":"710l----","removed":false},{"audio":"3e7518d0a97a679851f79393b81c12e1.mp3","language":"QkBtgWW-","translation":"Idrar","english":"Urine","_id":"QkUWb-WW","removed":false},{"audio":"188aacbe0d42a44abdeb01c23834ca79.mp3","language":"QkBtgWW-","translation":"Kan","english":"Blood","_id":"Qylz-Wbb","removed":false},{"audio":"d35543c2fd8915522d89bedc9e70cf3b.mp3","language":"QkBtgWW-","translation":"Hamila","english":"Pregnant","_id":"QkofW-bZ","removed":false}]}